<?xml version="1.0" encoding="utf-8" standalone="yes" ?>
<!-- 谨以此，向神奇的地球致敬。 -->
<Window size="994,564" caption="0,0,0,90" roundcorner="3,3" >
    <Font name="微软雅黑" size="13" bold="false" italic="false" default="true" />
    <Font name="微软雅黑" size="12" bold="true" italic="false" />
    <Font name="微软雅黑" size="42" bold="true" italic="false" />
	<Include source="scrollbar.xml" />
    <Default name="Button" value="normalimage=&quot;file=&apos;Common\TabLayoutbtn.png&apos; corner=&apos;2,2,2,2&apos;&quot; hotimage=&quot;file=&apos;Common\TabLayoutbtn_h.png&apos;&quot; pushedimage=&quot;file=&apos;Common\TabLayoutbtn_p.png&apos;&quot;" />
    <Default name="VScrollBar" value="button1normalimage=&quot;file=&apos;Common\scrollbar_v.png&apos; source=&apos;0,0,16,16&apos;&quot; button1hotimage=&quot;file=&apos;Common\scrollbar_v.png&apos; source=&apos;16,0,32,16,16&apos;&quot; button1pushedimage=&quot;file=&apos;Common\scrollbar_v.png&apos; source=&apos;32,0,48,16&apos;&quot; button2normalimage=&quot;file=&apos;Common\scrollbar_v.png&apos; source=&apos;0,32,16,48&apos;&quot; button2hotimage=&quot;file=&apos;Common\scrollbar_v.png&apos; source=&apos;16,32,32,48&apos;&quot; button2pushedimage=&quot;file=&apos;Common\scrollbar_v.png&apos; source=&apos;32,32,48,48&apos;&quot; thumbnormalimage=&quot;file=&apos;Common\scrollbar_v.png&apos; source=&apos;0,48,16,64&apos; corner=&apos;0,2,0,2&apos;&quot; thumbhotimage=&quot;file=&apos;Common\scrollbar_v.png&apos; source=&apos;16,48,32,64&apos; corner=&apos;0,2,0,2&apos;&quot; thumbpushedimage=&quot;file=&apos;Common\scrollbar_v.png&apos; source=&apos;32,48,48,64&apos; corner=&apos;0,2,0,2&apos;&quot; bknormalimage=&quot;file=&apos;Common\scrollbar_v.png&apos; source=&apos;0,16,16,32&apos;&quot;" />
    <Default name="Combo" value="normalimage=&quot;file=&apos;Common\combo.png&apos; source=&apos;0,0,100,22&apos; corner=&apos;2,2,20,2&apos;&quot; hotimage=&quot;file=&apos;Common\combo.png&apos; source=&apos;0,22,100,44&apos; corner=&apos;2,2,22,2&apos;&quot; pushedimage=&quot;file=&apos;Common\combo.png&apos; source=&apos;0,44,100,66&apos; corner=&apos;2,2,22,2&apos;&quot;" />
    <Default name="Option" value="normalimage=&quot;file=&apos;Common\TabLayoutbtn.png&apos;&quot; hotimage=&quot;file=&apos;Common\TabLayoutbtn_h.png&apos;&quot; pushedimage=&quot;file=&apos;Common\TabLayoutbtn_p.png&apos;&quot; selectedimage=&quot;file=&apos;Common\TabLayoutbtn_p.png&apos;&quot;" />
    <VerticalLayout name="MainWnd" bkcolor="#FF242424">
        <HorizontalLayout name="Header" height="90" bkimage="Common\mainFramHeader1.png" bordercolor="#FF242424" bordersize="2,2,2,0">
            <HorizontalLayout width="714" >
			<!-- 用户信息视图，暂不使用 -->
			<!-- <ChildLayout xmlfile="UserInfoChild.xml" /> -->
			<!-- 核心功能按钮，控制切换功能视图 -->
			<ChildLayout xmlfile="FunctionChild.xml" padding="10,10,0,0"/>
			<Control />
			</HorizontalLayout>
			<!-- 最大化最小化等控制按钮 -->
            <VerticalLayout>
                <HorizontalLayout bordercolor="#FF0000FF" inset="0,2,2,0">
                    <HorizontalLayout bordercolor="#FF0000FF" >
                        <Control />
                        <Button name="minbtn" tooltip="最小化" width="26" height="18" textcolor="#FF000000" disabledtextcolor="#FFA7A6AA" align="center" normalimage="file=&apos;Common\minimize.png&apos;" hotimage="file=&apos;Common\minimize_h.png&apos;" pushedimage="file=&apos;Common\minimize_p.png&apos;" />
                        <Button name="maxbtn" tooltip="最大化" width="25" height="18" textcolor="#FF000000" disabledtextcolor="#FFA7A6AA" align="center" normalimage="file=&apos;Common\maximize.png&apos;" hotimage="file=&apos;Common\maximize_h.png&apos;" pushedimage="file=&apos;Common\maximize_h.png&apos;" />
                        <Button name="restorebtn" tooltip="恢复" visible="false" width="25" height="18" align="center" normalimage="file=&apos;Common\restore.png&apos;" hotimage="file=&apos;Common\restore_h.png&apos;" pushedimage="file=&apos;Common\restore_p.png&apos;" />
                        <Button name="closebtn" tooltip="关闭" width="43" height="18" textcolor="#FF000000" disabledtextcolor="#FFA7A6AA" align="center" normalimage="file=&apos;Common\close.png&apos;" hotimage="file=&apos;Common\close_h.png&apos;" pushedimage="file=&apos;Common\close_p.png&apos;" />
                    </HorizontalLayout>
                </HorizontalLayout>
                <Control bordercolor="#FF0000FF" />
                <HorizontalLayout padding="2,0,5,5" bordercolor="#FF164976">
					<Control />
                    <Edit name="Search" text="Search" tooltip="输入搜索内容." bordersize="2" width="240" height="28" bkimage="file=&apos;Common\Search.bmp&apos; corner=&apos;3,1,3,1&apos;" bkcolor="#FFFFFFFF" bordercolor="#FF164976" maxheight="28" textpadding="4,3,4,3" textcolor="#FF000000" disabledtextcolor="#FFA7A6AA" nativebkcolor="#FFEBEEF1" />
                    <Button name="btn_Search" width="25" padding="3,1,0,0" height="25" textcolor="#FF000000" disabledtextcolor="#FFA7A6AA" align="center" normalimage="file=&apos;Common\Search.png&apos; " hotimage="file=&apos;Common\Search_h.png&apos;" pushedimage="file=&apos;Common\Search_p.png&apos;" />
                </HorizontalLayout>
            </VerticalLayout>
        </HorizontalLayout>
		<!-- 内容区,基于视图页面拆分保存 -->
        <HorizontalLayout name="Content" padding="2,0,2,0" bordercolor="#FF0000FF">
            <TabLayout name="TabContentLayout" >
                <ChildLayout xmlfile="DownloadChild.xml" />
                <ChildLayout xmlfile="VideoMergerChild.xml" />
                <ChildLayout xmlfile="PlayChild.xml" />
                <ChildLayout xmlfile="MessageBoardChild.xml" />
                <ChildLayout xmlfile="DemoSiteChild.xml" />
                <ChildLayout xmlfile="Test1Child.xml" />
                <ChildLayout xmlfile="Test2Child.xml" />
                <ChildLayout xmlfile="Test3Child.xml" />
            </TabLayout>
        </HorizontalLayout>
		<!-- Footer 显示一些版本状态信息，部分项目不需要 -->
        <HorizontalLayout name="Footer" height="28" bkcolor="#FF242424" inset="2,0,2,2">
            <HorizontalLayout bkcolor="#FFDBEFFD" >
                <Text text="{c #386382}版本:1.0.1024.256{/c}" textpadding="2,0,2,0" textcolor="#FF000000" disabledtextcolor="#FFA7A6AA" showhtml="true" align="vcenter" />
                <Text text="{c #386382}安装插件: 6 {/c}" textpadding="2,0,2,0" textcolor="#FF000000" disabledtextcolor="#FFA7A6AA" showhtml="true" align="vcenter" />
                <Text text="{c #386382}全局速度: 4.32MB/s{/c}" textpadding="2,0,2,0" textcolor="#FF000000" disabledtextcolor="#FFA7A6AA" showhtml="true" align="vcenter" />
                <Text text="{c #386382}其他信息{/c}" textpadding="2,0,2,0" textcolor="#FF000000" disabledtextcolor="#FFA7A6AA" showhtml="true" align="vcenter" />
            </HorizontalLayout>
        </HorizontalLayout>
    </VerticalLayout>
</Window>
